Year	number_of_workers	tons_of_beans_harvested
1999	30	144.4522872
2000	40	204.8909354
2001	21	109.2449709
2002	14	78.08294657
2003	9	54.3668566
2004	22	116.2858922
2005	26	134.2311502
2006	23	118.3500352
2007	40	203.0312842
2008	39	180.8107181
2009	39	204.549196
2010	17	82.54960432
2011	38	179.4634655
2012	15	81.61688168
2013	27	131.1033388
2014	27	146.6692923
2015	26	138.1210269
2016	19	101.2664901
2017	5	29.10421802
2018	34	157.1279842
2019	14	80.95250776
2020	12	58.67130459